sim_id,npv_merchant_eur,npv_pay_as_produced_eur,npv_baseload_eur
1,22313112.88,23020341.53,16263444.69
2,17790659.56,23079487.64,19057922.88
3,18019784.07,23376926.1,19572886.58
4,19610475.28,23106786.35,18789359.83
5,18604363.6,23794709.77,18489894.0
6,24540415.98,23659328.7,17326097.52
7,20440609.01,23942454.0,18127016.84
8,22428694.72,22875101.39,17495017.79
9,20348697.89,23496433.41,17387167.46
10,21391327.0,24340840.92,17873045.5
11,22397456.4,24325353.85,18554961.05
12,17677140.3,23187792.69,18566049.26
13,23067148.42,23531734.68,18369596.97
14,20324958.85,23311177.28,18383751.64
15,20012394.15,23444703.24,20225957.81
16,17886655.44,23391420.4,19944392.47
17,19410850.43,23564954.53,17139436.18
18,16758305.34,23275366.58,18881667.48
19,23497770.02,23144883.38,15316485.42
20,22570472.51,22801073.37,18071014.05
21,25145113.53,24037638.26,17528454.23
22,17246028.58,23195148.26,18663643.5
23,17745616.24,22914623.53,19206377.87
24,18737443.01,23537540.98,19017359.97
25,20554407.47,22858435.06,16986113.72
26,22692263.89,24080370.48,18092263.07
27,20829918.27,23590332.41,18576925.46
28,23672825.37,23393491.18,17692968.48
29,18903956.74,23798670.47,20607760.37
30,22991244.14,23545862.42,19295326.43
31,23344643.93,23533320.68,18356886.69
32,15246782.92,23596829.99,20661123.22
33,18596932.12,23444196.16,19856342.66
34,23834061.37,23578415.01,17550837.33
35,24187159.99,23468047.01,18504379.38
36,18989882.95,22934699.68,18380129.49
37,23024025.14,23565108.68,18071124.35
38,24860290.44,24193156.23,18942126.53
39,20188067.53,23560503.2,18356496.03
40,17996912.94,23438017.65,18532755.1
41,21452164.25,23241214.89,18025155.47
42,23860250.75,23763352.91,15270472.48
43,19764359.79,23176639.12,18883914.6
44,23389182.37,23561121.22,18039507.43
45,19809606.37,22915075.67,18425744.36
46,18805187.16,22896696.86,16958449.85
47,24374309.46,23341837.19,16961125.83
48,24451607.19,23743795.24,18493739.2
49,19055281.36,23972383.68,20939546.12
50,24499161.1,23331630.21,17204594.57
51,22140694.05,23364833.32,17816077.47
52,18853994.02,23199788.85,17971882.35
53,19849979.84,22801367.47,17217643.13
54,17334573.31,23742154.39,19483001.61
55,21482575.12,23904828.74,19162243.45
56,21402982.09,23282786.75,18710013.57
57,22979773.98,23480254.85,16838451.68
58,23732688.0,23063648.1,17122789.59
59,24628634.15,24043920.42,16473744.32
60,16366439.88,22756143.19,19610262.68
61,21230415.93,22498897.34,16184995.26
62,20351165.73,23455974.37,18464531.97
63,18919306.91,23188024.87,18800081.5
64,21025383.6,23281025.57,18479755.82
65,16558825.01,23741165.99,20479390.41
66,14664436.52,23957063.29,21589364.5
67,21765465.23,23301340.62,18116212.39
68,16499117.02,23148788.39,19756634.95
69,18131694.4,23178123.57,19011768.01
70,19615172.39,23398141.87,19066082.51
71,19603097.6,23614239.64,18327904.97
72,20979498.51,23134611.69,17689370.68
73,20934747.82,23229569.84,18179738.46
74,18722938.54,23171585.11,19802429.97
75,20645244.29,23130985.04,17926172.41
76,20682625.75,23168370.13,17092350.25
77,20776407.89,24078953.7,19441202.39
78,22110596.54,23397678.4,18522727.12
79,17571811.82,24085331.64,19503485.84
80,18956530.44,22981562.62,17946099.2
81,16629829.88,24170552.76,21102715.3
82,17528027.94,23173512.95,20047543.25
83,18292938.33,23893858.41,20663842.69
84,19852864.08,23663352.0,19098069.09
85,20203556.25,23715766.15,20590728.06
86,15954390.93,24137353.94,19499148.55
87,19008262.99,22961820.01,19046085.05
88,22543937.3,23913163.98,19001301.1
89,21743778.91,23278096.51,16870901.77
90,18735703.54,23066062.92,19102958.69
91,23346801.0,24662523.32,18613742.03
92,22462244.35,23498629.05,18861799.06
93,18088150.25,23332514.64,18739924.93
94,20049915.72,23220001.31,18009600.56
95,20879131.01,23636955.45,18656537.48
96,17914430.39,23070048.39,19050627.01
97,18818304.25,23251243.4,17532185.43
98,22921895.13,23829784.25,18377596.07
99,21029955.74,23105907.56,16933718.37
100,20752853.86,23402259.22,19098932.42
101,17429862.52,23326265.14,18404864.9
102,13311692.11,23140726.41,20608073.14
103,23735510.89,23702485.66,16557702.25
104,21318407.89,23533942.84,17657819.17
105,14754787.65,23359569.41,20900785.58
106,16246953.15,22657599.03,18242903.22
107,21621502.5,23348200.77,18070630.52
108,21854506.94,24498364.9,18861629.95
109,22300521.0,23348948.44,18893566.42
110,19138398.85,24026442.23,18967582.31
111,22542496.82,23889265.67,17839523.52
112,22307003.42,23427945.99,18265531.59
113,17907133.33,23252072.5,18725823.6
114,16667582.74,23523702.07,21173708.04
115,21705133.67,24170508.41,18901488.18
116,16742221.03,24114407.12,19840093.92
117,19989265.09,23275257.55,17505186.77
118,15879627.85,23874984.38,21023137.53
119,20830755.27,23254157.22,19197091.15
120,20565140.63,23302433.67,18655153.76
121,19027484.88,23192361.04,17700822.96
122,20391928.7,23447913.97,18605210.07
123,21598472.68,23579243.4,19039131.36
124,21907534.19,23965840.14,19325205.91
125,15161918.24,22581436.43,20338882.19
126,17397240.92,23367498.74,19732771.24
127,17194277.04,23072119.68,19005697.46
128,17478277.81,22842294.85,18408608.84
129,17407428.67,23818254.7,19217369.06
130,16088553.27,23223480.04,19471864.22
131,19918679.75,23771430.46,18002938.45
132,22012126.97,23857617.24,18608828.31
133,23618326.42,23852323.55,17914927.56
134,14931219.56,23022247.16,18550311.17
135,23019175.74,23109695.88,15397145.15
136,17887372.58,23582101.18,19986527.58
137,18612477.12,24017206.33,20096346.64
138,18281914.37,23881536.47,19843666.21
139,21033312.85,22904691.93,18001884.13
140,14782343.66,23392372.56,20675366.75
141,18549684.66,22922640.84,17321852.57
142,18988408.66,23559283.26,18808308.52
143,19327604.24,23341069.22,18432376.03
144,14838515.88,22392101.48,19815868.96
145,16550802.61,24144236.95,20730246.04
146,17699783.26,22868668.02,18624722.71
147,20425197.02,23516559.22,18260876.71
148,12743767.02,22794371.55,20721586.87
149,20383639.28,23762329.72,18194540.87
150,20488462.79,23256496.9,18913187.24
151,19547151.89,23431748.26,18059239.28
152,19884005.67,23679140.37,18891871.25
153,19600243.38,23567637.5,18881466.54
154,18128161.92,23685332.52,19966266.76
155,17043653.7,23379208.65,19756075.53
156,18593698.64,24098038.13,20337922.25
157,17737318.95,23790361.73,19611319.48
158,21535810.99,23472035.61,18874542.23
159,21077307.45,23128926.7,18629708.75
160,12842641.73,23907994.67,20803337.68
161,18944455.27,22679843.85,18396618.57
162,22659320.63,23599978.65,16832674.49
163,16493711.73,23351056.62,19934964.42
164,17053984.93,23391467.46,18849128.85
165,25851207.32,22969084.5,16680053.84
166,20727647.89,23092569.91,18614971.49
167,20755603.59,24134166.67,18159689.87
168,21461863.39,23658907.89,19638975.5
169,17509491.15,23449157.66,19196029.27
170,18901178.82,23844793.24,18339935.27
171,19903151.73,23392559.08,19038173.22
172,22324474.74,23649417.06,17966769.23
173,18658190.58,23284134.6,17540449.77
174,19995735.93,23448892.61,18640544.27
175,23169958.44,23578137.75,19154249.88
176,17920139.11,22963566.89,18986019.86
177,19351127.13,23807093.22,20741118.47
178,18894557.21,23168859.6,18384333.1
179,16468681.71,23136716.37,18825413.8
180,17809782.92,23250200.55,18451053.39
181,16244130.24,22974811.82,19312893.95
182,18029388.85,23345079.38,19074104.02
183,20013155.74,23766352.72,19362022.72
184,23321898.08,22461310.78,15298803.24
185,22505883.25,23741241.29,17725843.78
186,19390246.16,23115393.82,18258607.99
187,22327900.23,23772933.05,18711984.33
188,19577480.05,23503298.28,19530425.86
189,22007179.36,22785990.26,17385404.93
190,22719712.18,23078438.37,17678209.38
191,22158422.77,22496251.2,15919441.22
192,19217465.2,23077064.63,18233740.41
193,17124001.44,23271601.01,19782882.56
194,21589649.58,23512842.29,17317260.45
195,19170573.97,23211332.16,17972080.1
196,14512296.48,22879975.84,19118954.9
197,11470503.87,23734681.63,21642057.05
198,21507936.25,23355423.3,18265915.54
199,16390718.14,23218780.52,20372087.67
200,23159319.07,24011951.5,18079669.28
201,16409726.71,23742774.23,20598351.76
202,20841902.72,24304260.28,19210634.08
203,20767711.11,23484506.77,19601194.4
204,17445642.9,23409041.61,19926441.13
205,21009245.09,22825891.34,18598960.78
206,17810266.64,23485927.3,19369894.77
207,23075042.66,22459546.1,17413376.14
208,20437114.69,22867659.99,17786495.17
209,22625400.48,23436877.8,17701308.27
210,20492150.56,23121405.15,18279670.73
211,20561357.93,24194279.1,18975461.07
212,18894758.04,23978178.26,18372361.79
213,23743313.78,23726175.6,18714164.77
214,15641095.5,23317146.4,19314523.17
215,15368838.2,23351303.19,19086487.39
216,16631768.41,22439520.11,18692880.15
217,22393313.89,23847339.07,17736197.12
218,23651853.0,22899014.94,17270600.18
219,19096506.93,23762810.95,18620816.91
220,14930287.62,24213090.83,20922789.98
221,16663339.46,23493911.01,20378066.78
222,18186721.03,23185588.28,18493367.55
223,17132701.13,23215278.75,18995380.26
224,19968499.75,23315632.18,19389749.18
225,19852865.31,23015275.09,17649192.85
226,23010280.66,22957409.34,17112328.31
227,23576335.6,23138350.61,16988813.75
228,12774824.86,23770722.75,20337047.23
229,19947429.25,23937793.73,19903075.29
230,17582023.94,23176532.84,18118906.59
231,16614766.75,23880553.81,19816547.76
232,21300444.64,23256491.5,17778051.87
233,24221417.5,23479594.67,16706771.66
234,26333250.06,23636448.23,18226681.86
235,21407791.51,23033872.5,15809662.09
236,22524344.63,24014914.22,18662213.62
237,17174891.5,23037737.97,19157300.03
238,18371533.21,23627462.26,19770525.78
239,10708603.46,23723580.41,22167267.33
240,21447416.91,23612711.68,17552432.16
241,18262894.04,24034977.48,19793848.8
242,16411370.84,23905805.46,20846948.06
243,25834997.82,23614627.24,16650569.28
244,10866243.79,22757180.18,21370335.1
245,24668575.05,23034473.58,18001553.27
246,23918447.34,23347813.4,17944327.86
247,19116366.23,23477719.31,19816856.16
248,20277076.75,22586964.6,17687951.31
249,22292075.49,23688954.64,17938582.02
250,18704181.49,23702990.99,19157466.74
251,20189201.88,23274361.36,18913976.87
252,22830151.67,23175559.29,17174259.0
253,16142853.84,23565399.12,19068381.52
254,15460151.7,23245457.06,19626775.38
255,21102906.98,22710052.23,17044438.5
256,20638136.62,23475737.6,18557365.78
257,24097572.05,23582781.82,17990174.49
258,18769651.26,24146736.51,19669411.37
259,25161082.03,24201700.5,17211115.67
260,21835709.64,23153846.23,18586600.27
261,18610509.7,23285842.3,19370398.37
262,20164263.01,23709550.72,18382088.75
263,25521584.78,23438713.83,17626366.1
264,19810925.32,22982217.08,17378071.36
265,22684660.13,23724639.56,17730550.15
266,16199431.87,23672045.38,21147410.28
267,27214097.52,23286699.61,16913127.87
268,17044249.36,23520135.72,19388261.39
269,19366719.25,23024191.02,17689569.94
270,21976949.68,23267287.85,17701375.85
271,11798147.34,23072764.68,20862281.57
272,19328674.25,23266938.51,18224198.53
273,23694080.63,23983801.88,17700617.64
274,19820014.83,23790753.22,18837383.83
275,18762481.08,23374489.46,19896971.47
276,18794374.18,23225560.84,18558335.98
277,17173795.96,24072205.58,20853120.89
278,21274315.71,23171307.07,18843644.66
279,20852450.86,24181425.27,18592602.87
280,13952945.62,23731885.06,21306415.86
281,21137506.71,23087092.81,17511640.59
282,18877705.9,23787259.91,18981345.69
283,18583185.86,23116446.56,18851567.79
284,23953936.8,22954526.43,17242811.86
285,18619319.1,23413179.96,19403940.41
286,20148012.07,23449895.31,18628674.5
287,22809122.58,22783387.79,16404253.94
288,19137351.43,23774462.99,19653025.33
289,17674803.9,24121770.93,19964158.0
290,22361359.17,24062487.95,19243528.17
291,22846840.31,23868662.41,18719330.53
292,14736643.36,24163324.44,21074741.85
293,22781952.17,23467293.06,17822631.45
294,16882861.47,23286998.0,19474771.26
295,18452440.06,23063920.27,19299332.91
296,17651534.84,22753409.49,17640625.81
297,16722491.4,23730380.7,20020493.7
298,20866413.06,22784110.86,17402311.87
299,23057629.39,23285885.04,17191098.27
300,24292951.65,23506390.01,17311336.01
301,17646467.47,23055405.98,19611601.21
302,16681815.62,23756852.79,20308773.41
303,19884795.59,23856469.4,19117405.73
304,23321785.33,23786518.1,18826285.8
305,17971005.09,23791057.4,19581536.23
306,24088284.33,23519957.71,17313448.6
307,16444320.72,23482361.73,19776603.79
308,18859198.84,23279906.46,17685373.94
309,18982975.12,23230308.61,18278359.13
310,20151507.62,22744896.45,18313139.26
311,19684701.65,23148610.31,19420652.23
312,25212454.77,23537366.72,16656726.27
313,20213943.4,23226856.45,19092647.39
314,20290108.67,23473675.34,19049125.6
315,20313844.87,23027195.99,17770947.9
316,19708033.74,23289886.45,19072352.76
317,21546131.27,23183079.64,18296989.41
318,19543518.87,23450314.75,18512130.96
319,20268466.35,23439701.34,19004510.52
320,10969844.93,23143121.05,22029514.72
321,14724124.49,23698263.11,20752154.45
322,22143809.94,23425322.52,18517268.38
323,19144502.39,23443528.01,18696588.24
324,18833606.67,23943798.69,19839143.98
325,20146511.57,23603004.41,17562150.22
326,19669212.68,22874066.77,17651661.72
327,20553915.35,23023020.79,17547698.65
328,20097074.83,23125473.38,17596954.91
329,19646138.32,22960517.76,18538265.41
330,23320105.03,23340415.84,16578629.22
331,23631103.26,23286812.81,18639757.44
332,17152672.57,23569036.21,19948937.93
333,15996867.05,23652722.9,20596289.72
334,18166961.62,23925703.49,19966452.82
335,23135308.01,23558770.84,18793027.6
336,14913033.09,23167210.8,20060931.25
337,22360187.63,23723086.49,16843945.41
338,17491380.73,22519699.26,19118236.91
339,16485533.11,22953025.56,19424947.13
340,27232849.85,23473949.11,16922578.21
341,21730718.38,23194737.38,17177030.32
342,21297951.11,23167914.86,17065062.9
343,22907876.12,23418517.84,18662210.37
344,16430339.23,23732350.76,20413318.12
345,21666916.93,23507222.77,17800225.35
346,19137463.69,23503795.8,18215160.39
347,22122146.81,23963705.22,18075259.57
348,22233597.22,22913878.03,17592994.62
349,19284343.64,23219007.15,18993512.37
350,17130704.08,23242459.91,20098637.13
351,20070912.02,23793278.26,18687658.18
352,23038027.83,22887285.54,14164854.1
353,21934882.09,22513849.05,16554611.67
354,21022278.61,23186324.43,18824757.89
355,22484166.75,23541358.04,18268873.49
356,18360099.79,24077748.42,19161934.66
357,17977473.72,23912892.3,18832410.9
358,16463233.93,22542990.66,19257774.52
359,19847912.27,23196179.47,18731349.85
360,21470408.97,23550112.85,19702930.39
361,18259608.94,23076984.95,19089743.95
362,18817361.72,22979657.82,19070928.31
363,18665240.24,23774600.6,19892003.91
364,14957553.46,23313063.32,19845718.48
365,17166298.34,23579923.89,19769068.44
366,16623316.89,23514880.88,20328053.31
367,21019917.61,23427426.46,18462253.9
368,21851355.82,22763554.83,16961549.67
369,23521566.22,23243751.89,16917018.77
370,18521083.3,23399537.99,19133075.73
371,20911458.31,23094094.36,17825202.63
372,16069188.44,23425155.05,19978761.06
373,22210317.4,22840458.42,18590536.13
374,17727622.01,23715158.87,20764062.6
375,21046001.51,22818823.48,17941872.69
376,20482327.41,23744328.42,18940283.79
377,21869645.24,22613031.17,16695212.6
378,18759685.89,23580689.89,19814641.03
379,22317966.14,23937246.31,18499385.22
380,16674750.05,22898028.21,18754568.75
381,18074401.48,22696151.02,18680646.12
382,19472792.38,22698117.84,17232286.5
383,18048519.47,23002461.7,19904137.45
384,22287287.59,23558477.71,19432158.75
385,20947979.11,23497817.9,17957196.05
386,21534714.58,23639052.55,18484429.14
387,20585231.18,23245414.37,17664578.7
388,22221757.53,24174130.5,20226801.35
389,19530072.88,23367661.85,19813659.87
390,20710031.6,22338652.14,16856962.39
391,22034319.3,23337331.42,19272013.74
392,19825011.86,23161834.0,18869490.46
393,17611329.33,23427210.37,18854035.11
394,14787673.3,24104165.41,21496300.59
395,22304631.26,23393864.09,16239057.64
396,20349257.34,22765458.73,18468139.93
397,16273896.77,23720836.69,20333499.4
398,20629215.6,23798166.74,18682517.77
399,19696508.91,22646127.03,18498339.36
400,19950302.9,22966285.12,16781194.6
401,21791709.84,23373821.57,17369802.6
402,20797433.31,23708200.77,18455501.53
403,22962838.3,23453701.38,17717062.68
404,21100446.29,23769784.95,17942723.1
405,19448587.8,23573277.48,20322541.45
406,15797871.96,23708086.53,19773854.82
407,19992471.87,23808057.41,19254796.03
408,21477921.45,23085165.4,17490222.53
409,20709407.62,23365409.59,19581196.69
410,15401260.51,23464032.93,20845107.87
411,24436816.64,23552282.09,17391772.09
412,18483169.58,23046256.71,17778723.64
413,23133722.61,22878407.79,17263866.08
414,22187031.85,23276508.87,18683888.29
415,16271482.91,22936616.51,19925452.94
416,19711212.78,23531426.46,19182174.55
417,19737123.74,23349566.11,18534348.42
418,20092954.97,23571331.08,18696019.0
419,16571904.41,22889532.69,18811407.04
420,17930123.0,23211793.81,19814137.24
421,20795626.95,23192940.89,19426113.88
422,22828196.75,24024771.46,19701225.7
423,17800348.28,22719573.9,19146195.53
424,22462617.64,23245005.14,17404893.04
425,20358875.29,23302351.19,18605815.9
426,18889139.03,23571023.75,18955720.96
427,20673582.28,24157997.5,18314969.21
428,24358420.54,22999836.24,16947818.56
429,17158317.07,23295577.3,19727750.3
430,16868240.04,23175891.08,19155868.73
431,20452593.59,22813075.36,17181373.91
432,22369735.03,22588797.33,17883802.33
433,23596653.05,23204286.65,15951336.81
434,13338306.78,23903544.7,20899702.66
435,25995981.41,23434628.95,18904549.56
436,25954240.74,23963787.41,18466825.97
437,22960458.7,22821910.7,16123280.44
438,21250242.64,22985675.86,19272459.48
439,18505405.09,23822119.55,20161785.96
440,21010464.11,23224119.25,18468258.35
441,27029476.7,23367280.85,17330291.17
442,17037042.04,23708572.78,19878517.06
443,20477817.74,23462956.61,18964802.59
444,23670135.39,23034160.56,18239432.04
445,17455534.15,23517875.07,19686199.75
446,19307714.95,22854741.09,18303587.93
447,20677493.11,23325570.34,19355967.96
448,18234941.24,23354165.26,19014487.38
449,22824866.33,23492174.43,19118919.26
450,23557450.77,22816481.16,15777128.63
451,22722710.66,23291271.59,18468704.0
452,22478671.7,23956636.31,18553650.54
453,15807606.13,22922465.18,18832188.83
454,23055843.21,23418327.3,17786107.91
455,21762268.72,22948757.4,17077530.67
456,26162738.47,24099148.88,20054196.86
457,21669984.88,23070541.42,18652338.37
458,19231273.57,22829709.39,19263679.18
459,15302915.39,23439848.06,19756247.63
460,20855929.53,22562596.73,16920998.01
461,21622341.39,24019307.75,18923979.88
462,23870573.64,23791958.21,18628101.6
463,24305526.17,23763230.64,17091541.88
464,19147689.53,22783865.1,18734081.98
465,20280150.64,23582963.94,18937701.23
466,20508315.19,24145576.29,19246665.54
467,21801683.67,23210472.6,17695828.24
468,20071018.52,22776497.7,18890966.89
469,17035323.97,23185676.72,19042260.26
470,19672076.6,23146491.85,18627723.51
471,16233869.74,23346028.54,19676166.81
472,20493622.59,23472324.08,18680300.59
473,25452505.38,23062229.6,16046985.43
474,21919184.2,23620526.96,17633497.84
475,24863049.75,23935815.92,17608293.87
476,26921743.4,23302344.0,17275105.9
477,19105450.71,22641037.14,18448518.47
478,22230889.54,22664990.26,15959418.37
479,21825412.47,23409706.56,18102408.88
480,24374554.78,23973931.87,17850251.49
481,19738237.45,23567632.28,17507603.78
482,18076125.96,23910563.05,19839597.78
483,18172213.47,22463054.88,18754750.23
484,21931837.89,23059043.75,18720687.34
485,22009611.76,23789699.4,19023612.36
486,17106432.49,22717237.37,18990557.4
487,18499134.0,23413150.15,17823557.12
488,24586775.16,24069194.74,18735586.55
489,23822264.56,22917746.82,16701634.47
490,19767370.85,23890058.89,18054813.08
491,21133857.56,23588170.32,19175185.81
492,18284043.42,22942328.66,18548055.98
493,18422735.51,23083087.59,19647703.11
494,16998864.0,22929645.17,19332408.06
495,20476800.73,23566504.74,20318926.81
496,17753553.66,23860192.53,19493369.03
497,20476283.9,23398189.36,18458546.88
498,18321067.49,23987272.57,20030840.54
499,19400602.37,23791666.74,19405745.65
500,19959922.27,23560002.17,19125571.82
501,22688151.15,23406309.03,17227192.17
502,18676063.83,23215527.31,17334959.95
503,20124053.99,23340094.81,18869243.7
504,20276109.81,24052631.26,18808651.94
505,18546685.84,23337563.57,19064593.15
506,19356118.79,23098612.56,17789786.0
507,21076630.39,23229101.14,18289494.51
508,22277066.88,24486913.92,18953354.75
509,21801796.2,23169210.83,18667842.1
510,18764351.12,22687175.31,17631782.02
511,15521564.31,22892930.7,20426429.6
512,14986382.93,23135092.79,19621718.65
513,20370402.11,23150106.57,16915810.65
514,19402888.47,23351816.53,19518280.33
515,20250306.48,23783930.65,19596754.15
516,25080044.54,23609507.66,17877761.57
517,19265673.12,23338355.79,19597493.83
518,18704519.39,23646984.66,20552634.16
519,12966976.16,22731144.44,19325702.56
520,17092426.63,23435979.65,19875167.63
521,24163228.91,23857214.99,17267482.28
522,19746287.52,22865408.21,18125414.32
523,21944920.23,23630721.39,17213357.72
524,19484626.01,23623599.55,17704336.36
525,21887589.57,22991333.59,16226055.61
526,24186205.71,23495800.12,16909020.78
527,12998808.03,22580486.78,21415946.43
528,21679193.87,23652243.43,17660360.3
529,28428381.71,23590091.46,16687086.59
530,19627686.76,23012549.53,19343060.91
531,21431364.6,23600810.23,17268074.81
532,16742047.09,23714895.75,21004104.61
533,18347405.29,22743211.83,20658248.3
534,21134398.17,23888811.09,18544159.69
535,22051145.76,23157443.32,18564218.08
536,19631319.23,23273148.17,18538381.95
537,18753054.05,23855088.65,19921640.79
538,21091527.51,23536962.76,19498516.69
539,17900901.93,23509882.97,19660553.69
540,15980978.76,23360206.6,19936824.75
541,28121268.85,23482557.89,16847951.18
542,17475837.19,23290774.59,19912350.36
543,21158873.62,23507350.94,19214455.62
544,19432781.5,23360647.66,16983688.23
545,20610567.61,23685124.46,18708060.1
546,12802300.73,23654322.01,20337508.99
547,20924733.17,23309697.86,17960770.28
548,16159465.99,23675118.3,20315053.9
549,19420670.13,23356590.07,19360339.55
550,27963438.65,23849874.8,16007953.78
551,19420486.4,23253516.93,18813637.85
552,22064958.61,23179664.72,17551460.76
553,22780653.75,23738679.09,17370598.06
554,16180009.05,23945383.11,19524367.2
555,18474867.22,23688441.47,20201145.04
556,20327301.4,22966666.63,18767059.62
557,19713907.89,23602483.4,19889430.75
558,18036915.1,22872992.67,18363586.08
559,22314329.78,23568273.52,18588677.92
560,18201297.5,23155363.65,19076296.64
561,22458707.39,23321768.28,18411234.32
562,21476230.9,23929387.41,18803870.29
563,20175181.0,22866628.21,18050301.58
564,23744867.21,23378082.03,18427116.26
565,21177806.9,23676541.36,18993830.06
566,23171397.42,23232950.41,17268420.13
567,17304298.42,23503158.51,20024002.61
568,18658745.11,23448881.64,19383206.22
569,23005274.16,22962381.75,16315106.99
570,22674033.91,23071191.26,16887269.87
571,18707467.35,22703620.71,18636561.76
572,23405773.65,23762948.37,18911491.52
573,20511663.64,23344042.7,17578001.88
574,21283723.33,23411072.11,19298532.87
575,20935579.31,24085957.82,19834509.27
576,19414094.92,24061548.8,19580224.25
577,17907984.05,23164495.63,20525568.22
578,19150313.8,24370784.07,21526407.91
579,18986407.05,23256291.17,18109848.06
580,22879436.01,23100593.04,17055273.7
581,17474455.87,23259500.69,18939466.97
582,22668894.22,23316867.38,17236785.57
583,18292930.93,22982400.07,17250623.25
584,20262632.71,23633816.22,19460895.75
585,22312384.28,23631458.22,19028822.95
586,21128360.81,23695990.56,18673398.7
587,19469250.89,23406735.64,19226728.99
588,26993177.06,23307930.69,16670849.88
589,24326323.98,24277814.63,18208116.2
590,19014568.87,23025587.1,18627401.19
591,24709391.65,23491588.63,17733242.77
592,19586026.61,23514570.42,19210689.47
593,20341475.32,23028598.02,18604607.32
594,17164395.4,22717851.03,20181444.18
595,16831706.43,23431319.07,19179982.43
596,14011818.08,23525912.92,20758006.11
597,20772041.88,22708778.02,17380369.2
598,22048129.92,23304316.6,16547952.47
599,22713926.1,22781862.11,16735401.63
600,26464321.48,24158147.83,17134994.19
601,21028902.32,23339497.21,17368160.26
602,15109000.41,23224176.5,20857903.64
603,20511457.64,23534571.99,18913877.35
604,22386270.59,23046792.41,16169282.93
605,25307656.81,23788872.72,18660804.58
606,20168380.79,23486891.0,18479194.61
607,19311993.93,23496318.96,18993183.94
608,17616185.74,23865013.25,19175109.6
609,18981109.1,22975981.9,18296607.99
610,17337325.84,23209117.61,19953103.63
611,20238456.65,23639257.49,18511236.95
612,19258961.21,23868510.73,20032181.3
613,23780802.78,23259673.36,15966105.37
614,17570525.02,23133461.23,19568882.16
615,19562499.8,23420756.23,18783866.16
616,23856166.92,23389214.23,17317836.01
617,20469078.93,23481511.0,18608405.66
618,18378106.73,23496210.13,19438272.71
619,19351523.7,23775931.9,19345457.67
620,16765155.42,23749730.05,21019105.4
621,20813930.64,23241274.08,16869420.21
622,22190280.02,23686373.33,17983508.0
623,20006802.94,22984112.99,17204323.19
624,15973757.72,23633219.17,20317745.2
625,15337746.98,23114472.65,20213457.95
626,18436039.16,23052369.58,18487862.35
627,20794660.8,24527114.28,19935494.5
628,21381091.23,23197166.42,19361834.08
629,20423808.11,24063346.99,19416137.47
630,17154243.91,23444376.16,19742603.37
631,15367532.42,22706647.24,18854405.68
632,19982402.1,23356502.33,18468389.05
633,17171519.5,23737935.67,19849573.13
634,21618233.08,23699478.75,18937799.15
635,20113737.81,24096934.66,20023735.89
636,19163821.42,23992371.25,19632405.85
637,17574481.42,23328885.07,19201094.4
638,16099023.18,22716647.73,20072140.35
639,23385996.6,22687135.46,16831102.1
640,25695547.9,23521611.56,17742907.42
641,19649214.97,23144496.03,19512684.74
642,17829149.71,24047580.08,20605358.8
643,17199655.58,23807606.26,20216524.84
644,17946325.63,23486719.25,18782700.14
645,20843690.89,24254648.74,19409142.98
646,20489458.98,23184748.21,17911653.47
647,22421466.97,22561828.72,18177713.83
648,18018480.5,23779418.09,18882451.44
649,24410404.71,24009980.72,18005780.43
650,17885416.92,23699462.64,18728150.46
651,20735699.77,23165355.31,17677832.18
652,18635703.78,23755402.71,18652386.34
653,20855682.0,23048873.81,18458494.61
654,20853780.4,23552253.5,17711963.12
655,23805067.82,23627642.37,18366457.57
656,18088467.72,23002359.83,19628883.87
657,23003861.25,23256027.79,16383740.82
658,17448955.17,23712446.11,20187435.47
659,21122036.0,23129134.54,18894475.21
660,19451970.79,22932277.9,19046308.23
661,25823732.83,23662531.18,18056432.24
662,18710453.96,24156515.86,19397374.95
663,22073624.8,23978235.61,18636875.62
664,16737715.81,23040447.71,19120478.63
665,17253275.16,23576539.42,19565765.86
666,14807003.39,23436116.78,19963424.9
667,21957937.75,23641902.71,18188622.05
668,22157452.54,22892110.68,17842511.53
669,14182543.92,23474859.91,19237565.82
670,17982174.52,23715314.63,19591150.43
671,18728148.15,24168701.0,19777048.73
672,19755742.77,22935155.03,18969906.86
673,20969225.75,23569646.37,18212174.67
674,16886013.57,23045721.29,19641447.34
675,20658795.17,23025689.9,16877097.7
676,21211673.02,23524302.34,17755408.34
677,19016876.36,23586056.83,19249157.01
678,19104343.95,23243944.99,18038982.48
679,15905566.13,23806213.09,20620666.78
680,17743157.75,23836845.83,20039395.18
681,17726798.86,23540811.19,19800154.14
682,15551987.56,22934707.79,19104661.27
683,17862892.05,23506851.88,18446816.71
684,21006164.42,23232425.76,18364984.46
685,18978720.39,23148447.51,19392471.67
686,19148596.23,23794771.19,19709830.01
687,14791723.75,23303289.69,20220507.76
688,19588432.5,23498939.7,17761877.92
689,19456784.23,23770304.27,20554853.44
690,23997264.33,23369665.42,18182222.7
691,19942289.86,22776174.93,16914645.16
692,19006975.2,23340397.32,18921471.6
693,19257834.25,23322114.24,19055190.68
694,18726953.16,22792153.67,18218399.62
695,19878156.44,23170135.61,18697210.88
696,19099754.92,23392539.77,18060406.57
697,19463346.44,23775253.36,17628024.97
698,18772405.09,23448434.05,18226478.67
699,22436063.79,23592582.57,19313211.48
700,14649015.66,23796761.36,21123053.47
701,25104238.55,23609177.1,17425400.48
702,18068066.38,23555716.8,19528092.44
703,26987297.72,24085403.37,16843102.99
704,21389600.72,23263614.99,18090064.11
705,19881475.53,23037283.32,17600834.45
706,18921099.76,23642223.32,18759565.26
707,22248515.37,23672183.55,19256323.55
708,18439535.33,23596864.48,19620401.61
709,18751854.18,22952790.78,18419818.68
710,20006374.63,23443655.81,19134456.94
711,18300803.75,23709531.71,18576850.02
712,22563789.8,23495005.61,17583030.56
713,23269500.79,23653807.79,18468974.24
714,19793818.2,23002401.21,18257724.31
715,22618538.05,23643034.5,16705601.37
716,15647975.83,23244461.92,19797244.18
717,18208900.01,23571240.39,19746227.02
718,21849408.13,23019956.11,16992056.27
719,19749218.47,23076810.01,18097537.75
720,20040987.32,23089988.55,19248920.29
721,22937251.53,24343483.74,18359074.33
722,21670760.74,22999051.51,18464316.37
723,18686344.0,22749336.48,18195067.52
724,21168450.43,23977855.63,20252414.41
725,19340739.45,23947088.1,20488529.06
726,20054471.34,23248357.71,18377281.22
727,18527067.98,23384385.92,18168941.68
728,21108048.05,23584006.83,18267571.52
729,20537839.23,23865250.17,17864919.41
730,22856336.87,23870461.2,18503931.05
731,25553999.91,23788011.55,17262698.91
732,18361786.79,23803974.5,20361662.37
733,19823284.32,23770935.23,19261123.23
734,16946287.26,23908631.65,19053270.86
735,19157931.47,23079374.67,18653013.28
736,21692285.48,23020679.14,18077585.29
737,18975725.21,23452328.55,18612005.32
738,19226491.27,23543231.5,19236711.74
739,20363958.02,22814139.74,17058488.51
740,16010991.44,22978270.73,18413859.78
741,22162005.22,23336588.51,18397439.23
742,13150251.96,23264439.06,20131134.31
743,17254359.3,23134418.59,17987775.54
744,19693480.07,22548520.42,16651739.96
745,17141178.98,23620291.22,20120167.11
746,18285060.49,22488486.09,17589017.09
747,13750236.09,23515316.13,20416437.22
748,23177242.09,22998981.28,16839941.17
749,21051306.79,23018694.5,18338276.98
750,12018454.07,23381459.93,21407674.69
751,21558868.71,23724700.18,20030022.94
752,18505312.97,23621683.1,20498746.0
753,22193092.67,23304648.97,19032189.62
754,19964538.78,23966518.58,20217090.73
755,20410390.62,22699921.13,16874380.18
756,20093611.75,22632514.31,16049068.82
757,23129195.79,22826171.62,16389198.72
758,18740803.24,23529981.27,18622497.93
759,16079954.08,24276959.46,19931635.38
760,23326211.89,24388041.72,19040132.21
761,18175087.34,23232714.65,19844612.96
762,18840634.48,23942274.3,19385205.78
763,23062459.29,23756690.93,18431685.18
764,24516489.7,22904824.23,17350103.34
765,19471930.34,23123337.63,17232619.99
766,16350340.72,23348455.39,19674871.41
767,19643278.38,23789557.12,19146385.79
768,18841506.5,23546179.15,18425503.88
769,17051223.52,23175181.34,19597767.66
770,17275076.3,23169448.38,19286320.74
771,22462398.34,23380502.31,16563344.11
772,20029013.29,23359284.91,18584985.04
773,22908996.24,24222817.41,17955773.62
774,20975458.52,23800674.9,17528823.54
775,15819947.6,23095728.61,20331089.87
776,19316601.38,23387097.77,19846957.89
777,14895059.01,23777083.95,21785471.98
778,19242061.4,22841735.77,18525841.65
779,21294064.63,23600278.51,18656207.11
780,22045043.92,23731927.41,18182853.37
781,20740774.7,23872296.97,18138819.51
782,22177635.87,24188740.51,19413210.88
783,22153350.4,24174205.69,19997393.92
784,19637234.49,23895661.93,18946746.46
785,18371373.98,22875384.95,18091303.03
786,16509277.54,22528091.2,19035492.74
787,23187380.49,23294585.07,18116742.33
788,18641584.35,22727224.24,18468219.44
789,20401427.17,23767694.8,19034351.13
790,20282091.97,22815337.53,18451801.36
791,23052827.73,22794393.56,16849021.34
792,17168825.88,23110139.36,19735585.46
793,17144090.98,23081814.26,18408637.59
794,15602066.65,22500720.49,19561166.71
795,23324562.54,23436953.65,18869360.31
796,19111365.49,23763021.08,19828688.9
797,17025748.95,22576318.75,19268328.11
798,16560717.93,22612851.6,18486047.49
799,19452564.13,23312304.14,18442968.11
800,21691930.24,24004375.92,19682859.7
801,24278895.13,23949689.16,17782096.18
802,11849178.72,23988380.54,21403099.97
803,25779030.57,23584009.14,15501533.83
804,13904621.84,23332315.05,21060706.49
805,20828124.16,23890382.16,19154002.85
806,23980104.96,23465012.39,16887502.99
807,18753255.79,23331848.79,20002704.17
808,16870822.64,23187971.22,17958357.44
809,17076162.17,23551791.82,19842264.57
810,16512270.09,22861645.03,19828370.71
811,21493604.98,22907793.58,17741207.4
812,23294751.62,23563815.77,17317061.26
813,18812370.95,22498752.54,18837565.58
814,22249646.05,23678208.97,18006015.65
815,19931541.91,22958042.76,18170489.39
816,18789402.45,23709125.1,19495274.83
817,19553459.14,23091493.73,19339405.1
818,19617860.77,22964416.95,17053683.71
819,23018838.4,23548432.11,17837725.89
820,24271425.87,23461238.56,17975535.46
821,23762620.52,22733950.24,16968538.14
822,16347428.03,22972756.58,18535564.02
823,18306909.19,23088787.64,17847183.53
824,19483088.19,23155501.84,17985151.88
825,16743876.62,23617127.26,19579224.08
826,20786919.83,23796953.8,18627698.19
827,18136162.12,23644691.15,20003683.37
828,21129044.55,23207889.39,15865776.21
829,23107504.33,23369685.43,17284819.31
830,21979261.1,23273548.43,16434306.15
831,15407155.05,23068592.71,19831662.82
832,23303760.44,23909614.93,18753158.47
833,24133577.54,23363206.96,16570899.38
834,17567129.1,22946783.83,19264719.09
835,18260875.44,23360344.1,18252018.88
836,17371320.13,23359378.65,20374917.53
837,19416116.42,23390024.38,19512982.82
838,19801135.47,24105205.32,19935616.87
839,16925971.02,23021657.97,18786562.08
840,18105623.63,23194172.92,18694376.49
841,18712795.99,23037724.22,18413862.93
842,22920215.04,23605413.73,18777722.27
843,16013620.98,23909117.53,21134242.84
844,21112598.71,23176869.1,17556663.22
845,18495877.7,23193021.21,19269204.16
846,15436670.08,22460140.38,19108326.12
847,19078283.22,23347567.77,19468600.14
848,21541226.83,23422758.16,17585102.41
849,20049467.13,23639397.65,18645754.81
850,24831472.39,23898881.07,16541389.88
851,19036286.59,23457083.02,20320832.72
852,20247181.47,23392414.36,19410173.81
853,20228026.06,24459605.25,20449250.87
854,19302861.16,23460843.5,20285177.82
855,21193524.24,23344680.5,18502017.64
856,17224552.59,23352896.61,20537945.47
857,22295292.18,23211398.52,17649206.78
858,22735908.56,22705015.63,16025602.2
859,19577166.79,23845344.57,19186186.13
860,17966328.8,23985203.73,19450338.42
861,22244305.76,23111494.53,17212102.53
862,13830036.52,23058749.86,21525161.3
863,23667346.89,23597810.32,18029812.24
864,20755560.05,22859326.94,17790939.05
865,25631441.13,23313216.04,16999565.21
866,14948985.37,23146737.28,20361471.51
867,21188297.72,23129723.09,18543362.24
868,29132392.91,24173675.98,19051480.04
869,23838660.94,24146326.52,18035051.76
870,18955047.98,22460725.49,19227614.99
871,20085823.97,22993948.19,18507588.59
872,18584003.98,22917950.35,18733668.28
873,16930670.22,23610145.13,20001566.45
874,18267244.1,22794664.98,19084028.94
875,21346576.41,24054699.31,18344002.25
876,18209951.22,23581547.24,19153808.89
877,24469185.09,23982850.96,18777877.11
878,21766894.69,23909779.13,19335142.42
879,19551847.05,23181343.05,19051260.7
880,19258547.62,23426763.42,17799599.06
881,24121351.78,23562393.05,18301824.33
882,20540631.98,22826082.51,17667821.37
883,18376745.86,23407857.32,19651520.35
884,22728220.56,24445114.17,19253471.89
885,17100035.63,23531763.32,19601747.02
886,21070885.6,23372663.18,17767621.85
887,20696061.9,23513340.03,17565737.72
888,23175740.4,23000018.51,17110237.35
889,20618270.25,23492197.8,18925569.61
890,20798764.2,22626099.2,17021845.67
891,25889269.76,23314381.94,15517571.77
892,19001113.83,23632747.28,19379008.84
893,21409043.57,23656070.2,17852709.2
894,20038648.49,22742889.2,18541606.13
895,17310701.35,23074870.48,18962098.53
896,26692520.52,23806853.78,16717473.82
897,17010608.28,23805888.96,19892264.92
898,21249463.42,23256537.22,18841458.0
899,20161982.71,23489648.32,17860662.56
900,17841800.55,23319448.68,20340367.94
901,20568247.78,23464878.98,18970629.47
902,18244211.9,23172957.66,19881135.51
903,17900131.42,22488763.29,17871254.8
904,21123203.06,23351708.55,17823649.7
905,20553989.14,22391311.11,17011462.78
906,16632247.25,23073668.58,19643975.91
907,17532649.89,23142365.83,18665180.18
908,21494412.7,23940970.81,18681395.65
909,19514909.24,22476435.7,17040950.42
910,20606024.51,23497832.73,19280852.72
911,24438878.41,23075947.09,16063212.26
912,19125082.22,23667818.59,19361258.15
913,21545732.17,23581612.15,18145783.76
914,20831435.95,23033276.83,16303186.36
915,19506905.95,23673185.44,19523205.9
916,23022765.69,23858999.66,18200549.16
917,24129204.95,23476283.66,16151515.81
918,23522062.3,23680065.99,18420516.66
919,16785434.06,23206570.9,19714754.07
920,21196226.15,23690565.73,19052595.11
921,24463383.91,23151548.45,15953640.15
922,18575797.83,23285511.99,18447575.05
923,19396312.84,23086626.15,18192606.39
924,20719839.34,23432499.27,18557339.05
925,18241655.59,23183166.38,18695092.79
926,24983925.09,23669113.78,16039316.11
927,23446161.92,23820726.95,18211518.89
928,17582803.66,24653803.52,21256669.35
929,20451860.08,22621766.66,17822160.11
930,20450647.72,23678899.45,17723463.27
931,20159635.19,23388384.26,17979009.48
932,21319751.98,24300317.43,19013066.25
933,17103977.74,23877047.62,19562477.5
934,20620941.15,23095289.02,18515012.13
935,18961167.72,23207068.61,19073160.58
936,22391915.42,23050412.86,18263825.1
937,18912416.25,23447837.13,19149529.57
938,17926772.52,22992215.22,19363803.56
939,21065351.0,23041805.88,18330586.04
940,17076137.61,23729411.06,19332593.55
941,14190099.97,23330791.41,20612715.98
942,25404712.38,23223412.77,15302995.28
943,17599940.95,23738623.91,18206102.7
944,17367735.69,23347022.07,20172765.01
945,15493246.48,23114451.87,21012977.54
946,18135260.14,23723847.58,18722776.73
947,19764312.8,23171174.88,18744985.18
948,22299221.95,23113665.81,18598590.73
949,17546255.35,23234091.95,19111672.89
950,20532886.05,24073516.83,18571649.41
951,21073331.05,23971463.66,18220544.19
952,18289540.01,22843902.56,18910069.03
953,18735214.49,23714527.51,18835467.14
954,19968672.14,22845365.71,18307363.45
955,20678092.31,24039010.21,19802217.71
956,17776804.17,23063705.03,18658195.48
957,14984797.64,22893943.29,19125864.84
958,19326307.35,23582397.55,18340546.57
959,15095576.06,23794647.5,20117492.17
960,24811902.93,22772042.84,15631074.71
961,20935117.8,22906343.0,16617773.33
962,18760238.63,23585314.04,18768721.47
963,14887688.25,23154033.01,20459171.68
964,18907276.88,23636305.33,18973568.35
965,18535338.86,23540091.11,18873711.55
966,18697485.28,23847193.4,17804045.69
967,15116662.52,23333638.18,20768943.4
968,15289123.85,23283738.78,19727553.13
969,19744846.34,23464206.41,19100488.39
970,17511814.5,24003085.25,19588578.37
971,15308160.98,23093264.13,20563782.06
972,21753153.17,23308237.43,17713490.71
973,22607885.85,24180295.73,18673542.99
974,18020905.26,23429482.84,18277027.63
975,26222845.36,23125355.92,15325105.74
976,25586901.52,23254335.53,17251541.34
977,21184046.67,23651982.35,17772117.6
978,20582663.03,23862739.42,19181486.75
979,18485398.13,23662474.94,18102782.38
980,19943586.14,23535541.38,19041749.09
981,16685433.53,23140676.44,19608120.99
982,19670648.31,23056323.48,19417864.96
983,18243619.12,22939779.62,19862522.21
984,21434654.24,23516550.14,17258413.02
985,16784092.08,23174754.81,18076414.37
986,20017735.14,24111980.78,19269166.45
987,20042797.54,22353581.99,17794690.96
988,22248608.65,23339758.24,17234458.93
989,19926167.02,23609258.95,19005293.06
990,23152617.65,23552771.18,19401185.35
991,18560908.54,22986436.87,17624647.44
992,21574440.09,23805457.0,19198926.02
993,21427508.99,23683601.26,18081476.02
994,16713665.31,23482207.5,20603749.2
995,14781303.45,23704021.17,19778621.33
996,21504771.68,23815484.64,18796497.6
997,20293100.85,23620711.78,20469052.39
998,22324388.84,23596650.76,18270170.39
999,17838246.84,23488477.42,20298017.96
1000,22424207.7,23009402.91,15736702.52
1001,15615507.66,22887509.49,19266552.64
1002,16622828.91,23239451.62,20181498.58
1003,23699510.25,23863218.24,17161387.31
1004,18243932.13,23547826.34,19425475.78
1005,23699418.86,23875164.02,17583327.14
1006,22998661.39,23655461.53,18652960.9
1007,21462548.41,23279219.44,17530442.28
1008,22513752.1,23110646.46,18184109.29
1009,14189747.8,23062392.23,20757670.98
1010,17733787.47,23318491.57,19672494.5
1011,20984761.43,24126920.92,18392200.86
1012,20357237.15,23944611.57,19229876.38
1013,21792064.31,23875151.85,19050018.24
1014,20378867.95,22879421.15,17951386.22
1015,19023435.71,22870417.72,18205492.0
1016,19768099.56,22853003.84,19453822.24
1017,21334141.9,24080952.14,19003796.92
1018,18118952.83,22944612.14,20509193.25
1019,21975795.28,23397489.92,19246630.7
1020,17486244.04,23443839.35,20289110.71
1021,12417590.4,23790689.7,21845325.3
1022,24019326.17,23866949.07,18855596.93
1023,20249148.26,22637565.63,16819641.96
1024,25547954.01,23495773.39,17878560.23
1025,21497372.31,22579276.78,17350520.01
1026,20204404.11,23131193.6,19126093.06
1027,20357833.54,23815665.07,17986663.37
1028,15696470.59,23718043.83,20136016.2
1029,23087063.58,23134672.59,17290187.29
1030,22228219.07,24885455.82,19536208.19
1031,19423258.95,23650237.95,18969488.0
1032,17672343.8,22142439.58,18125423.65
1033,21823143.62,23633997.17,17639690.81
1034,16621900.96,22956189.38,19750026.26
1035,18048601.13,23688014.49,19896496.56
1036,16180225.89,23583261.77,20631625.16
1037,20890173.86,23302005.14,19296408.76
1038,21408158.25,23521246.87,18687663.02
1039,21730656.8,23976028.22,18812462.53
1040,22265422.88,23833391.17,19778248.65
1041,16941616.11,23618369.89,19502428.64
1042,20861866.07,23869692.57,18427879.43
1043,19406822.96,23230703.91,17523532.43
1044,21733490.76,22722086.42,18397867.69
1045,17441603.16,23726280.23,20366624.82
1046,21229603.75,23765759.14,18052676.09
1047,17858573.07,23606159.51,18767323.88
1048,16882168.43,23423023.73,19148292.31
1049,21304378.35,23250156.67,17602253.08
1050,25057694.89,23388380.47,17780241.1
1051,18331744.37,23409446.01,19018011.04
1052,18838523.8,22480430.67,17819500.67
1053,20702700.55,22161285.92,16215405.75
1054,15923290.22,23210679.3,20654731.02
1055,21553914.93,23521173.02,18673657.08
1056,16001497.39,23239493.06,20504109.12
1057,20285974.26,23446469.31,17982737.82
1058,18258550.41,23684920.34,18712788.19
1059,21331654.27,23677585.85,17611458.67
1060,16036287.12,24230587.02,21874144.4
1061,19476726.98,22705252.4,17870273.57
1062,20136512.72,23189258.48,18767851.54
1063,23045557.9,24410290.07,18520467.85
1064,22545774.16,23718186.94,16841796.34
1065,18602548.24,22991688.34,19423705.65
1066,14252177.36,22715547.84,19456009.98
1067,21297468.0,23123776.47,16500362.56
1068,17196204.69,23258395.07,18752266.22
1069,24305177.75,22799804.4,14751180.61
1070,17662846.18,23078973.87,18155051.69
1071,21802092.23,23036079.27,17810902.74
1072,17188843.83,23595359.34,20114310.34
1073,15203712.57,22684423.75,19859752.36
1074,19885456.95,23493359.95,18956344.94
1075,16339662.21,23165809.48,19747749.83
1076,16790315.94,23166188.44,20192011.63
1077,19003115.19,23573051.38,19059042.37
1078,18979211.76,23700509.21,20312500.24
1079,18414666.6,23208055.62,18949863.47
1080,18974803.84,23025933.74,18398375.1
1081,22313290.91,24131299.3,18347755.85
1082,18894561.39,23755862.11,19460659.77
1083,20791294.62,23940961.86,17828971.21
1084,17704496.68,23773241.14,19938113.84
1085,21228673.46,23593265.72,18525079.66
1086,17402229.72,22693599.11,18670371.13
1087,18762935.85,23084482.22,18809640.46
1088,21620794.74,24049333.33,17690129.26
1089,25415710.0,23162059.15,17026263.69
1090,18191852.24,23170281.37,19223035.38
1091,17512227.05,23575166.55,20098419.49
1092,18971957.13,23118439.95,19581675.63
1093,17885855.32,23161061.63,19830042.57
1094,20581386.79,23236277.66,18480938.92
1095,25704474.51,23287249.56,16009681.64
1096,17116387.87,22760628.55,18674599.09
1097,20855378.91,23271902.07,19177865.86
1098,16246369.16,23271210.59,20238569.93
1099,19395961.08,23244915.18,20099865.14
1100,18567711.92,23922460.32,19576232.16
1101,18649667.9,23488668.94,19913423.07
1102,21054928.85,22697556.96,18209008.13
1103,25027527.57,23573619.63,15994859.19
1104,20438258.68,23471267.88,18953168.79
1105,20234024.68,23798014.66,18016989.99
1106,18708878.38,23344079.79,19458472.78
1107,19410112.7,23360030.87,18629179.02
1108,19830660.18,22730931.99,17814904.25
1109,23421712.91,24230240.32,19538795.76
1110,25830808.01,24295385.57,20670302.1
1111,19827558.62,24016608.99,19319350.97
1112,19667072.56,22880383.86,17310224.98
1113,20397175.0,22918187.97,18020783.59
1114,19707227.41,23852353.11,19577419.43
1115,17818675.58,22816376.54,19137855.95
1116,17093123.91,23248536.31,19530958.7
1117,23388815.64,23519845.12,18290494.84
1118,23353800.29,24064474.83,17609117.49
1119,19136780.57,23676346.65,19523833.18
1120,13079190.9,23613174.9,20771406.49
1121,19227289.34,23983366.72,18789059.6
1122,21267024.41,23686747.46,19904402.47
1123,20571193.1,23489588.49,16674243.59
1124,20652350.4,23628135.84,19443365.22
1125,16922799.64,23172563.05,19286486.89
1126,17939226.08,23545663.74,19322182.16
1127,15369641.28,23275839.62,20906154.41
1128,20423525.56,23154912.11,18889646.05
1129,21275644.29,23228917.69,18241145.4
1130,21370606.98,23215377.76,18197660.78
1131,22346581.87,22908668.97,16659630.96
1132,19677844.33,23272246.48,18167293.73
1133,18774308.22,23700111.45,20088052.69
1134,14215110.53,23232623.85,20218402.53
1135,18748102.88,24073003.36,19493872.62
1136,20491950.84,24049020.72,18669212.47
1137,20061562.27,24009004.95,18962482.39
1138,15850533.3,23700569.34,18679903.38
1139,21114679.72,23230710.67,19193104.59
1140,18740216.42,23270495.94,18420862.24
1141,18722971.87,23784456.68,18998774.96
1142,16837123.85,23447047.51,19362939.49
1143,16600315.23,23114774.8,18468858.88
1144,20554110.59,22970719.22,18695853.09
1145,18678561.34,23954601.98,19576768.16
1146,22443940.63,23592623.57,17727047.15
1147,21621858.98,23394230.54,16054140.43
1148,14462934.83,22687873.46,19469602.81
1149,20881567.66,23213587.08,17969241.57
1150,18490522.04,23243386.31,18737787.16
1151,16044268.27,24161597.77,20881328.11
1152,23342749.7,23591915.31,18086879.88
1153,16883012.4,23521517.69,18953947.19
1154,17453863.86,23074089.84,18944452.69
1155,21391412.34,23500057.85,18510788.54
1156,22605395.66,22885788.33,16168399.09
1157,19816990.58,22980108.76,18569317.18
1158,21172483.09,23044630.35,18014979.26
1159,28040223.19,23807357.8,16043691.15
1160,18785629.55,23416860.79,18157762.49
1161,19490675.15,22872118.12,18216435.13
1162,18834039.08,23101826.42,19025137.96
1163,18656630.7,22539140.83,19415865.36
1164,23240966.37,23723840.26,16808642.27
1165,15218135.27,21770342.96,19198032.0
1166,20060998.03,23527343.18,17851771.87
1167,22784453.18,23686095.07,18785152.87
1168,20286707.06,23660928.59,18404060.35
1169,17557128.78,23358961.12,19998020.87
1170,20430802.5,22383566.55,17015334.72
1171,14303580.93,23227548.84,20937421.94
1172,21473993.81,23581311.63,17837881.46
1173,15483164.99,22931984.16,19840253.63
1174,19373003.33,22721636.51,17682034.0
1175,20909465.13,23848986.93,18109582.52
1176,19327476.46,23185366.7,17655926.56
1177,18587818.1,22939623.59,18378914.35
1178,21045966.51,23105276.74,16113183.33
1179,14872094.21,23104788.66,19624944.39
1180,18927012.9,23297265.54,19145214.58
1181,17968429.22,23361653.41,19167535.36
1182,19132140.83,23641741.13,18898382.78
1183,17266286.97,23321444.81,20192208.08
1184,25709440.43,23545990.21,18572607.57
1185,21590909.73,23484289.15,18053377.98
1186,18313192.31,23451387.94,19219485.18
1187,20169703.01,23432993.77,19508643.94
1188,22721968.11,23577880.88,17988170.43
1189,19671711.65,23643214.25,19505854.93
1190,16674801.26,22806158.48,19878450.22
1191,17450429.96,23737067.14,20636273.62
1192,19399164.84,23931331.17,20406811.79
1193,17305937.69,23571595.41,19298569.5
1194,18919505.64,23263559.58,19040544.88
1195,19234182.14,22826688.87,18526064.98
1196,25668763.92,24186857.76,18225620.02
1197,14720396.7,23092633.57,20041711.39
1198,19654327.77,22791837.0,18538732.43
1199,20939628.42,23634099.31,18511947.73
1200,19183730.14,23511104.0,18259074.77
1201,22738369.85,23537045.28,18498009.9
1202,19413768.57,23117756.05,18222840.49
1203,20253777.01,23499915.12,18694265.08
1204,20406849.2,23567256.08,18448084.11
1205,20203069.46,24161233.0,19710693.34
1206,19380597.46,23340911.52,18796697.3
1207,14540897.99,22999088.95,20521151.78
1208,17956623.68,24117296.12,18803562.14
1209,17300930.94,23849708.52,19244279.44
1210,19718217.9,23243106.66,18229172.35
1211,18040273.36,23110705.0,17909848.84
1212,18424126.92,23892401.28,20602390.15
1213,21453480.3,22949420.05,18536230.23
1214,21515329.31,22663141.82,16771275.84
1215,23791733.79,23939900.32,18749540.79
1216,20305470.51,23450866.63,18292356.71
1217,22344510.81,23993529.27,18989592.08
1218,21831468.49,22950672.11,17455614.04
1219,18106395.07,23779361.06,20267307.22
1220,13539440.53,23514382.03,20932584.39
1221,22083347.01,23910766.17,18834806.13
1222,18665663.73,23354116.05,19790273.02
1223,19080523.08,23628041.72,19205907.29
1224,18328764.3,23837463.61,19629808.23
1225,16520385.45,23527893.57,20102322.31
1226,19142523.72,23287503.19,19928829.17
1227,19222107.05,23491968.14,18836525.89
1228,21417262.39,23613460.07,18370753.37
1229,15141631.81,23732948.43,21103012.05
1230,15288816.15,23258484.94,20077357.14
1231,22243635.31,23067842.29,17752102.1
1232,21117096.75,23005466.11,17258540.64
1233,19668496.78,23430879.84,17574809.61
1234,16443564.68,23599213.83,20143164.03
1235,16836887.28,23134627.24,19483613.86
1236,16479162.86,23447599.26,21160363.64
1237,24032754.38,23437965.6,17106545.89
1238,18642286.49,23708659.59,18846488.74
1239,21316562.16,23051086.16,17693951.36
1240,20984210.18,22829006.57,17816939.84
1241,19316911.31,23726231.44,19116645.28
1242,19319144.05,23448955.47,18222910.81
1243,16147744.83,23227343.31,19224765.55
1244,23228505.78,23725848.08,16966680.8
1245,20373505.59,23610246.27,19056867.81
1246,23311737.46,23997428.82,17049037.37
1247,16683361.81,23155153.97,19397085.41
1248,20623144.31,22991442.39,18226477.62
1249,18622271.24,23731463.17,18685495.17
1250,19797657.46,23788999.63,19720448.24
1251,22949159.13,23283936.55,15570654.7
1252,17360556.95,23309227.9,18975188.33
1253,21656102.87,23822170.95,18639033.45
1254,16359414.7,23054642.72,19069605.75
1255,19259107.61,23242264.58,19342271.76
1256,16754479.17,23029237.49,19341309.54
1257,21021203.53,22704307.37,17327072.53
1258,20767014.78,23397367.93,17865851.47
1259,20725483.07,23435724.26,19197295.01
1260,12025653.24,22862564.54,20939008.81
1261,18375436.56,23114846.59,18545954.66
1262,23768561.05,23433224.66,17415467.52
1263,19083339.29,24043461.9,19147068.82
1264,16416681.64,22992408.63,17958832.88
1265,18658702.89,23119808.9,18993192.0
1266,18863520.47,22921658.08,16917557.66
1267,14851670.95,23472790.39,20475404.77
1268,17678807.09,23510786.68,19593527.96
1269,16449909.36,23023043.55,18863338.18
1270,18261129.9,23457910.27,19467243.53
1271,17368865.67,23508509.61,19378753.24
1272,20210887.98,23608288.69,18828161.75
1273,18096987.26,24140792.13,19794088.04
1274,14393091.08,23292161.22,21215611.98
1275,20732415.79,23416899.9,18745538.23
1276,19368619.82,23796329.6,20291873.9
1277,19499678.59,23196684.57,18303451.59
1278,18357062.0,23350664.05,18524138.52
1279,16012188.14,23623709.18,19753216.53
1280,15536525.67,23052366.05,21264225.15
1281,22478249.01,23417112.85,18197604.56
1282,16550718.4,23800414.63,19035779.34
1283,23377354.55,23912433.92,17742861.83
1284,23210038.84,23677478.38,20109757.3
1285,17456001.91,23313496.2,18905831.57
1286,24426093.37,23015625.21,17705204.08
1287,22479186.79,23227476.96,17769074.69
1288,14813205.07,23868514.86,20121498.94
1289,25391757.93,24070197.34,17427520.81
1290,20542161.63,23585687.81,19429842.98
1291,17824098.56,23494115.55,19912511.91
1292,26175938.77,23380447.26,16329867.36
1293,21987912.74,23124054.25,18442803.39
1294,22784516.0,23012909.23,17513981.51
1295,25436587.92,23346311.29,16570509.55
1296,20675185.74,23891853.58,19687808.54
1297,20943887.49,24482031.99,20419579.2
1298,21839294.05,23455075.22,16608278.25
1299,17534128.62,22871399.48,19615619.28
1300,19317357.73,23970267.01,18994401.78
1301,20038453.42,23432129.34,17985169.41
1302,17350107.59,23053538.48,18314437.48
1303,17504261.46,23521943.17,19463891.96
1304,29412722.75,24430791.88,17529913.82
1305,16919050.72,23824091.71,20255319.99
1306,19579613.42,23459724.68,18699279.79
1307,18856474.78,23743101.12,20075841.1
1308,22309236.18,23541830.45,18163975.4
1309,22989686.8,22841383.41,16759775.65
1310,19570988.04,23147767.13,19769931.72
1311,18590137.34,24237050.25,18736511.88
1312,21611875.35,23461603.41,17957591.15
1313,18330663.46,23765808.02,20069358.47
1314,18132413.23,23652809.41,18356169.58
1315,19963184.11,23159235.26,18173563.72
1316,21515188.63,23641731.46,17551002.8
1317,19185135.19,23463152.26,19557409.26
1318,20926778.94,22848847.94,16932330.28
1319,17504782.52,23269950.05,19086725.23
1320,21339563.19,24457236.11,18924733.59
1321,18476447.68,23603702.38,18519962.63
1322,23486679.35,24107466.89,17862445.64
1323,25023857.77,24169388.06,18530301.18
1324,17980147.3,23235337.8,19749157.91
1325,21717322.56,23510796.84,17963062.52
1326,24285195.6,23725266.54,16593743.08
1327,18796629.56,23691674.52,18387564.52
1328,21348868.02,22927829.62,18740902.57
1329,22560855.65,23890503.99,20741232.95
1330,25917796.12,23620739.12,16372177.99
1331,19805024.14,23268847.66,18290730.49
1332,17221497.47,24717157.34,20808029.36
1333,21129924.97,23848843.24,18963793.19
1334,23802690.04,24004733.71,17129407.88
1335,23355219.48,23261892.93,17114722.0
1336,24448472.54,23769026.74,18090399.53
1337,19038694.77,22838442.62,18330895.87
1338,21654337.54,23660292.23,19408253.84
1339,17772025.33,23464390.51,18763299.83
1340,21443582.5,23993478.51,18398057.86
1341,20466058.48,23217157.28,19308312.05
1342,14542607.75,22609057.68,19382036.66
1343,18697520.23,23404558.17,18253326.1
1344,20823164.7,23809556.31,19352598.85
1345,16253668.86,23375043.49,20006401.99
1346,18054653.89,23381980.52,19663169.95
1347,22070426.99,22716080.26,16680706.23
1348,22406815.92,23863109.37,18955242.03
1349,26041245.49,24086151.48,18514261.25
1350,17054000.49,23926626.98,20818955.85
1351,17600688.33,23220009.41,20172116.31
1352,17954607.73,23538929.81,18643104.39
1353,22187047.47,23596327.0,17074892.36
1354,19723697.96,23434724.53,18859547.29
1355,22741683.04,22877811.48,17262347.01
1356,16724864.67,23900898.18,19764205.74
1357,21097395.35,23171778.04,18296070.82
1358,16544228.81,23449072.54,20210874.12
1359,15237704.93,22841356.12,19843005.57
1360,18488665.67,23012107.63,19109392.9
1361,23163580.13,23630222.87,18345550.01
1362,22010963.15,23958304.86,16296470.89
1363,22771958.55,23855746.67,18172536.93
1364,21203670.84,23711549.37,17657148.81
1365,22011149.52,23174124.83,17242285.46
1366,23347546.59,23612365.15,17058510.3
1367,18404533.98,23125682.84,18432895.65
1368,15270491.82,22867879.12,19835645.26
1369,19688877.44,23692247.3,18354834.72
1370,16434154.41,23815383.5,22369120.55
1371,19968335.91,23411374.17,18531397.39
1372,20674319.14,23734839.77,18481939.21
1373,18085836.67,22709428.44,17531274.61
1374,20753422.36,23307079.85,16802275.97
1375,21227574.2,23660348.61,19107182.13
1376,15722816.2,23848498.66,20606969.29
1377,27692311.13,23823652.45,16497659.86
1378,16964100.82,23353626.63,19189011.06
1379,21109869.47,23741611.78,18322391.09
1380,18250086.12,23442542.95,18809019.32
1381,18632793.06,23838975.18,20297079.84
1382,18931208.06,23865649.21,19031973.61
1383,22286742.8,23889518.91,18311156.83
1384,21498440.37,23726260.66,17754769.64
1385,17092057.54,23645170.88,19699208.43
1386,19406336.1,23777218.27,17935487.94
1387,20494308.92,23687341.95,17966930.8
1388,20451568.04,23655841.81,19052330.63
1389,17273438.08,23215347.03,20633787.41
1390,26748525.91,23551814.65,18352413.09
1391,23083007.15,22854457.09,16736180.54
1392,20077743.62,23171320.38,19256332.3
1393,25524252.38,23789550.85,17798807.68
1394,20458459.46,22994122.08,18779737.51
1395,18085459.85,23174877.62,17618964.0
1396,19274337.61,22920424.41,18032593.95
1397,23133971.97,23206454.83,17060476.1
1398,20370503.45,23341358.48,18852988.83
1399,20185703.88,23493720.47,18326278.72
1400,26203622.52,23920006.86,17115543.45
1401,17463882.35,23287768.39,18760655.49
1402,18923641.08,23420672.42,19607531.17
1403,17188752.01,23685586.73,20956435.36
1404,17202327.45,22829435.71,19470329.66
1405,20545596.71,23148599.68,18342236.15
1406,20451504.74,23454363.66,16516044.32
1407,23078266.41,23304168.2,16982563.61
1408,20024318.78,23683869.28,19581373.75
1409,21781756.36,23700511.24,17902405.28
1410,20820236.3,23184533.76,18214819.85
1411,18808353.35,23430784.42,19809975.83
1412,20959229.35,23290961.68,17479852.34
1413,16403714.75,23841912.41,20379160.95
1414,21228984.24,23545110.79,19988195.17
1415,17070462.55,23278184.66,18699973.38
1416,20411157.63,24005236.95,18707354.59
1417,22623166.66,23384386.42,17859710.5
1418,23455322.42,23839807.19,16731471.92
1419,24952383.05,22725065.14,17473713.18
1420,13885865.62,23737327.19,20828559.37
1421,22049228.93,23274063.7,19190655.58
1422,20056457.76,23164998.29,17920810.0
1423,17103264.64,23064905.77,18714416.47
1424,21839100.23,23639743.07,17934005.37
1425,18002251.5,23242377.69,18482080.61
1426,23735787.08,23080827.74,17806983.11
1427,22848222.62,23394011.87,17597287.3
1428,22982228.61,23274107.25,16855376.31
1429,18074041.6,23871052.55,20191877.04
1430,15376422.2,22819895.07,19706605.9
1431,17608398.55,24169583.36,21044683.87
1432,19559659.34,23280914.09,18206355.76
1433,16461477.86,23508347.51,19821422.56
1434,12784028.47,22866935.27,20747550.28
1435,20647412.24,23818629.33,18790551.64
1436,22012477.82,24051198.31,18734582.73
1437,17586528.95,23493170.04,20133124.57
1438,20762447.22,23114783.77,17415884.74
1439,21075715.3,23596991.27,17158439.42
1440,22307528.39,23587405.72,16723536.14
1441,24672251.7,24222366.63,18872380.53
1442,16484250.15,22994086.57,19120834.55
1443,17672915.72,23764262.82,20387596.87
1444,19147147.48,23156700.07,17672127.23
1445,17100956.34,23751356.07,20164465.37
1446,17940687.12,23935098.62,19864542.59
1447,22578704.5,23345494.22,18098327.02
1448,15944701.58,22793776.81,19249107.23
1449,17615311.32,23553355.81,19280631.05
1450,18414129.88,23956180.21,19610303.13
1451,20446499.7,23935022.18,19203139.18
1452,19435261.54,23568942.37,19509925.54
1453,19186713.07,23760589.45,19665515.53
1454,23263531.23,23059467.32,17196183.83
1455,23159227.88,23194904.59,15431535.5
1456,15656683.68,23751808.38,20277155.19
1457,18897178.44,22666044.45,18433222.48
1458,22334161.67,23427443.26,18586937.76
1459,19773561.9,22427688.49,17892804.4
1460,22477562.79,23428063.7,17148512.52
1461,21632723.85,23514935.42,18858868.85
1462,19633648.79,23067474.73,17487513.21
1463,19251924.81,23054274.13,18206193.68
1464,18126339.79,22885712.98,18435859.74
1465,21623405.94,23792629.92,19452242.89
1466,21853313.47,22939317.01,18271598.63
1467,21376448.02,23996527.31,19770543.72
1468,20293167.66,23696218.43,19737851.11
1469,19922545.75,23725649.18,19508382.93
1470,21873770.13,23329963.96,18009600.31
1471,23019470.44,23361236.83,18002867.94
1472,17362065.03,23548402.28,19770074.78
1473,17032964.99,23387228.59,19616073.57
1474,18317349.17,23454165.36,19344211.27
1475,20991274.54,23538227.11,18502822.28
1476,19416547.89,22952440.09,17939210.78
1477,17607381.43,23255885.36,18935493.99
1478,19401510.34,23747595.55,17877030.58
1479,20321793.03,23199176.53,19589945.89
1480,24047701.5,24158314.25,18540379.71
1481,24516914.58,23690303.21,18666631.3
1482,18779961.26,23664932.78,20112834.11
1483,21751717.92,23535056.12,17937488.06
1484,18324785.89,22814131.24,18713840.0
1485,17104482.61,22897368.37,19238916.46
1486,16194794.44,23795603.81,19736083.59
1487,19200877.93,24329847.76,19409530.42
1488,22121105.85,23009447.7,17342664.62
1489,20526215.0,23243983.78,19054309.25
1490,18176418.92,23666312.93,20206490.41
1491,18432282.38,23747151.7,19229713.86
1492,19665355.36,23371493.72,18515546.61
1493,23421251.41,23608285.21,17093920.85
1494,20184876.18,22999278.21,17778981.03
1495,22392920.57,23128759.65,15848811.05
1496,18083376.82,23572995.26,18493902.57
1497,22028701.91,23095412.22,17977124.87
1498,16424054.62,23191671.13,20412359.98
1499,18741651.88,23281819.11,19594009.51
1500,20444127.32,22964025.99,16738873.45
1501,18119316.26,24088473.38,20037827.19
1502,17600768.81,23142819.36,19968729.74
1503,26092319.63,23725304.15,18696432.55
1504,26109565.72,23296099.83,16604147.79
1505,20550627.19,23427370.13,19567549.51
1506,19417761.91,23367968.37,18950297.27
1507,21789093.57,23852845.85,18711813.95
1508,20071016.95,23708268.21,19254858.73
1509,14496351.43,22807187.47,20203439.95
1510,16903874.18,22726766.88,19044214.32
1511,20193280.94,23255618.09,18046640.39
1512,24104852.92,23902531.46,17532826.18
1513,21042568.2,23317494.69,18307083.98
1514,18965164.29,23267993.09,19044047.34
1515,22198575.08,23218304.3,18240360.39
1516,24448008.44,23127409.84,16307969.26
1517,17156891.93,23577319.38,19494615.87
1518,18441022.6,22375163.05,17059954.6
1519,21930602.5,23233144.35,17755743.93
1520,16910062.09,23292991.97,18278754.73
1521,20680074.3,23510015.14,17905103.28
1522,18251674.16,24376214.05,20234500.41
1523,18104391.12,23601654.07,19376678.84
1524,22246765.11,23739549.43,18613973.43
1525,19019391.78,23237546.03,19672660.19
1526,20421325.79,22984285.25,18068282.97
1527,21705589.25,23483974.56,18452570.66
1528,21922723.72,23809297.08,19595184.7
1529,22604494.87,24064990.93,19784090.99
1530,19130612.61,23406285.07,19270564.11
1531,18664655.2,23251172.91,19892072.69
1532,20453828.86,23689872.9,18588922.33
1533,21401063.01,23489895.49,19543585.63
1534,17748761.59,22769391.6,18349394.23
1535,18433585.97,23596898.06,19598288.39
1536,23367298.89,22676956.49,16379628.76
1537,19601859.47,23702685.38,18436939.71
1538,20237284.82,23420448.78,19344774.01
1539,20796679.34,23266727.59,19313770.55
1540,15452416.38,23696017.36,19272972.86
1541,21742047.9,23339299.12,17783763.79
1542,19711402.92,23531034.5,18912923.94
1543,17000825.28,23697565.52,19829449.75
1544,24574942.45,23237182.03,16338874.41
1545,16819931.96,23462461.09,18692020.5
1546,22432588.68,23237618.04,17278002.3
1547,20704706.16,22915949.46,17661563.46
1548,24368364.97,23529673.65,17540181.1
1549,14213911.8,23277242.98,20289709.15
1550,19134988.06,22737420.27,18583086.2
1551,24348497.44,23747535.83,17004680.06
1552,20746401.11,23468208.71,19293737.15
1553,18874759.71,23927354.27,17676936.02
1554,19020456.68,24056258.59,19338363.69
1555,21991549.32,22972469.31,17937515.33
1556,21049913.85,23290284.85,18546534.21
1557,18007878.51,23005225.11,18646805.67
1558,18577571.57,22800359.73,17879853.49
1559,20836027.07,23183638.18,17362686.46
1560,20975004.75,22652504.55,17463795.17
1561,13618592.15,23760435.8,20848143.27
1562,22412222.74,23548075.01,17816092.53
1563,17904486.16,23393799.09,18698120.26
1564,17366253.55,23384719.38,18789962.86
1565,20852387.43,23326836.74,18354571.03
1566,19528714.76,23598078.2,19666877.27
1567,19930483.45,23643190.81,18256785.39
1568,22017763.16,22974289.65,18356002.86
1569,17491391.69,22976925.97,19261280.35
1570,19510875.06,23486464.74,19200707.02
1571,18876862.71,23018373.37,18127413.83
1572,19162707.48,23099117.68,18717929.69
1573,20131630.92,23372320.36,18449994.98
1574,12371708.55,23222348.94,20666734.72
1575,13278903.8,23067027.42,19989060.15
1576,17811802.0,22923309.26,18152883.24
1577,15941321.75,22231776.44,19772919.73
1578,18062801.16,23155214.44,18585989.24
1579,28262335.83,23520590.98,16635847.13
1580,16726549.09,23064243.47,19530236.74
1581,19317138.35,23123621.81,17442328.04
1582,18674342.24,24218199.33,20514932.59
1583,19611370.33,23131246.98,19269382.08
1584,20217188.72,23624027.77,19899601.01
1585,20646787.47,24342770.93,18721105.16
1586,19992651.91,23403049.1,19514515.28
1587,17425291.37,23166581.83,19854149.08
1588,22870922.84,23635181.43,19361593.6
1589,23303233.61,23055239.0,18402691.38
1590,19197565.16,23082970.56,19625457.33
1591,21069369.73,23300704.28,18871120.27
1592,19468858.91,22740588.01,18373287.78
1593,20111131.28,24183801.44,19214120.8
1594,18767224.07,23398619.88,18819227.5
1595,20817015.73,23310831.99,18768769.21
1596,20114416.46,24008021.76,19843940.67
1597,22549253.14,23560449.08,18104479.14
1598,15812680.71,22753752.16,18994392.04
1599,16198677.61,22803841.88,18902911.58
1600,16690329.25,22768419.1,18084924.96
1601,18202879.49,23295404.04,20311335.34
1602,22295648.0,23585631.77,18798168.86
1603,20094416.99,23835956.88,18348329.74
1604,23567863.47,23949292.89,19426175.95
1605,22723870.06,24007176.26,18183405.02
1606,24227254.31,23618356.27,17548710.53
1607,19882495.18,22662145.67,18140588.89
1608,18589100.64,23383592.01,18695335.38
1609,23552586.5,23804801.12,17796633.74
1610,16931622.29,22865387.39,18164896.66
1611,21819474.21,23494665.07,17473633.69
1612,14651503.98,22601047.85,18953765.72
1613,20095635.94,23173255.58,17038948.18
1614,19507349.99,23012489.61,16580574.09
1615,20981133.4,23084670.13,19328824.79
1616,17699468.32,23204507.35,20262952.57
1617,23483157.25,23937987.34,18209814.99
1618,15902957.72,22762389.31,19211480.63
1619,23210248.17,23589885.02,17119037.93
1620,23854132.38,24188117.01,17483804.89
1621,21785295.54,23436111.9,18080350.55
1622,20564141.0,23987974.62,18893342.22
1623,19821547.49,23014867.84,18086589.82
1624,21115608.35,23411050.02,18555259.87
1625,26230290.34,23657317.51,15979234.06
1626,20108640.98,23152293.59,18910462.94
1627,21973916.42,22903121.88,17020784.85
1628,18553957.48,23457464.72,20390706.74
1629,19516273.75,23858350.0,19473878.75
1630,17722722.95,23662373.84,20307455.67
1631,19018290.98,23714592.1,19113778.34
1632,17835271.25,23591131.72,19233495.66
1633,19950713.94,23601306.94,19487705.98
1634,22383347.93,23338313.97,20154369.76
1635,24060394.2,23721509.87,17618097.42
1636,18239081.93,23125987.5,19520276.59
1637,18661401.07,23223126.38,17722572.78
1638,19588558.66,23600745.29,20055279.11
1639,19745862.64,24474897.32,20585580.67
1640,16747277.78,22938469.36,19317837.52
1641,20412884.12,23528815.26,18339191.47
1642,16593066.28,23273016.82,19122651.69
1643,19988318.65,23300947.76,18482692.37
1644,21574029.19,23935919.03,18446123.07
1645,20769662.87,23683130.51,20119657.23
1646,17722941.07,22921643.15,18854445.92
1647,22662951.56,23646987.45,19303202.66
1648,16925725.82,24061458.04,19169727.01
1649,19652416.82,23212300.17,17954257.58
1650,19818840.9,23276340.43,19625820.99
1651,20326415.98,23267262.68,19686911.3
1652,20305322.35,23445002.45,18217045.26
1653,25772192.16,23549662.63,17948543.03
1654,17817781.44,23313188.7,19790584.83
1655,23846434.04,23154599.17,16903482.94
1656,23776618.15,23973176.53,17206000.3
1657,14693883.18,22782279.19,20739052.78
1658,18613128.65,23406908.74,18267358.44
1659,16002488.72,23595522.38,20795177.91
1660,16711240.12,23481397.07,19615319.97
1661,19272360.45,23225777.07,19227787.68
1662,17861708.19,23257634.15,20773654.96
1663,16173233.56,22664546.35,19160098.92
1664,20563456.06,23995290.73,19843129.85
1665,22618090.66,23845965.47,18882179.66
1666,19383446.64,23106293.93,18556419.59
1667,22804568.31,23731165.95,19589507.2
1668,19571139.0,23293615.26,18016221.11
1669,22439899.51,22875897.39,15396311.22
1670,22498975.64,22904110.28,18064985.36
1671,19315255.77,23654759.97,19593093.37
1672,19535390.05,22599230.99,18294494.8
1673,18504760.52,23490468.2,19620824.03
1674,22753168.88,23216878.59,17652810.37
1675,18781230.99,23141391.27,18632447.94
1676,21662248.38,23058024.76,17213548.66
1677,22197883.19,23176292.1,18082798.07
1678,19345831.89,23700809.64,18818305.53
1679,17978213.51,23923301.94,19606245.75
1680,19638801.4,23627646.23,18266480.76
1681,19588570.28,23170384.04,18096708.99
1682,17951030.01,23345304.41,19821588.66
1683,19256391.67,23155647.17,18400986.3
1684,23026040.31,22870563.64,18068100.74
1685,20648275.26,22777182.1,18263202.79
1686,21866603.09,23381539.68,18388949.82
1687,20623509.56,23077924.97,18214202.05
1688,16231840.81,22909728.23,19655874.65
1689,17556081.06,22881372.7,17817497.99
1690,17413452.36,23275051.26,18508572.12
1691,22285809.29,23319965.8,16824312.49
1692,18744232.8,23073140.44,20420932.5
1693,24926578.45,24046906.85,17913188.78
1694,20079809.56,23687596.84,18030483.76
1695,21029818.44,23678068.45,19286054.14
1696,20676699.79,22946169.27,17339298.07
1697,21804237.29,23296469.52,17877533.85
1698,24028512.4,23354585.99,18454162.38
1699,24070281.37,23111110.54,16332395.31
1700,14211745.82,22904859.66,19898990.18
1701,25675690.68,23734751.11,17255896.15
1702,14489912.08,23556294.28,20714896.03
1703,21824223.84,23508486.74,19051405.33
1704,19445743.16,23502795.58,17798544.03
1705,23379358.04,22838918.49,15565099.33
1706,20045099.45,23086735.67,18434232.8
1707,19632920.57,23070759.5,18994418.76
1708,19057129.41,23057437.99,18330069.23
1709,19877673.29,23358810.72,18177390.22
1710,21647386.49,23240197.13,18539279.49
1711,21370779.76,22560339.35,16911461.8
1712,19058768.83,23287398.84,17952909.42
1713,20192200.94,23377858.31,18440717.16
1714,22420150.37,23532999.32,18575335.96
1715,19825713.44,22791694.33,17891436.38
1716,22092274.36,23472953.58,18653760.7
1717,18246085.87,24389927.32,20994558.06
1718,20225920.98,23867463.27,19036379.81
1719,14897671.12,22766716.37,19804171.21
1720,19767596.01,23700842.12,19969717.58
1721,19191694.67,23525036.91,19746722.92
1722,16312390.24,23589324.91,20497215.49
1723,20738347.87,23430169.41,16928344.84
1724,18497540.33,22455801.56,18224735.57
1725,18044714.29,23407953.26,19081586.0
1726,18782515.79,22958426.09,19140099.04
1727,20565276.95,23736147.72,18937610.86
1728,17711838.31,23696615.91,19556825.06
1729,21965320.41,23493569.75,17929350.15
1730,21796507.66,23562861.39,18783603.29
1731,17788693.85,23489067.34,20118603.83
1732,23138596.19,23237128.34,17145164.55
1733,18881139.87,22936761.92,17478913.49
1734,17650544.33,23073069.41,20157646.19
1735,22058178.92,23248329.24,17595529.73
1736,21190784.55,23049091.31,17855875.65
1737,21251100.65,23501358.32,17195224.31
1738,23148917.21,23916145.66,19268212.53
1739,17662984.35,23457227.69,18937671.73
1740,18254750.38,24038423.71,19501837.64
1741,20090404.58,23891681.96,18566846.28
1742,21704144.47,23644817.4,18445861.33
1743,20433503.42,23519540.79,19078059.09
1744,16259116.12,23559478.95,20147363.58
1745,19856086.03,23649952.77,19156394.21
1746,20365026.48,23503422.66,17345044.95
1747,23011549.35,23045126.04,16757660.33
1748,17309097.69,24005354.62,18932696.61
1749,23603071.07,24560128.31,18527122.22
1750,20879186.29,22576588.38,18536095.17
1751,22755094.64,23762989.06,19064140.88
1752,17293410.17,23619527.55,19897776.56
1753,19416173.13,23491113.32,19546098.11
1754,13661999.2,22713529.3,20256439.32
1755,20062145.9,24049067.82,20444346.47
1756,17863149.26,23377944.95,18297934.69
1757,20517465.79,23525464.58,18719779.78
1758,16910471.4,23432970.0,20047758.67
1759,25432715.84,23705043.98,16171107.41
1760,17664170.35,22467116.15,18953736.31
1761,20173411.92,23803940.99,19277900.02
1762,15607593.34,23029880.86,20509029.69
1763,25379582.68,24534076.7,18007371.52
1764,20259695.72,23210245.47,19089496.45
1765,12431191.51,22714708.32,21454010.09
1766,25801052.37,23401609.49,18152886.83
1767,15009999.53,23825926.83,21393603.32
1768,15504599.82,23726864.16,20757909.07
1769,14970812.02,24150687.09,21419229.55
1770,20371433.09,22874278.46,18803292.7
1771,23819165.22,23626638.97,16701918.74
1772,23188339.61,23540389.86,18479535.06
1773,17248538.19,23558728.13,18841237.46
1774,17701407.7,23298100.94,17564226.57
1775,17921008.08,23874359.42,20875882.12
1776,18367385.7,22983817.77,20448283.14
1777,22749066.12,23743696.7,18024335.16
1778,25497535.45,23058845.62,16821612.16
1779,18821232.51,23655019.91,18338148.41
1780,22193367.39,23200772.99,18557467.92
1781,18627374.27,23776710.56,17964396.46
1782,21302760.84,23480194.28,17948562.85
1783,19982451.06,23190558.07,19224013.56
1784,17622177.18,23816647.44,19173132.82
1785,19844690.94,22591153.53,17261131.0
1786,21779588.26,23652803.89,20085998.35
1787,20218767.46,22254440.96,16848059.62
1788,24285419.35,23057127.6,17197124.96
1789,20328896.05,23349208.75,17635786.8
1790,19508619.58,22939181.69,19348255.36
1791,18989008.98,23179342.87,18216420.59
1792,15887877.68,23150852.61,19246320.97
1793,16134352.97,23119594.3,19350889.49
1794,21580324.24,23277415.87,17323417.35
1795,21120847.39,23552061.86,17405526.69
1796,19466056.04,22372638.23,19196592.67
1797,22019413.48,23646255.68,17080876.02
1798,19899177.72,23103710.38,18369810.74
1799,21161525.83,24105998.25,19750117.77
1800,20045392.6,24260614.65,19943049.04
1801,24823348.22,23581826.85,17219747.4
1802,17582992.23,23493509.46,19063183.19
1803,21021825.46,24011715.67,17915343.35
1804,20094411.1,23343703.5,18099314.71
1805,21663227.13,23582463.35,18970365.79
1806,20266199.78,23333698.08,17908333.19
1807,20861216.46,22974103.06,18643564.0
1808,24168089.75,22993886.75,14853810.6
1809,18304257.5,23898917.69,19801211.92
1810,21977254.69,23062337.14,18708360.84
1811,19780004.12,23190530.07,17574109.69
1812,23123235.73,23001207.82,16421005.01
1813,19913295.89,22932022.92,17830481.68
1814,24806890.56,23716409.08,18093544.09
1815,16990578.75,23729871.9,19942861.42
1816,15079867.93,23427634.88,20128808.57
1817,22504767.94,23645057.4,16190257.8
1818,23361115.94,23568283.75,15470659.69
1819,24164218.41,24087940.29,18532279.22
1820,22176949.5,23695993.72,17841997.7
1821,23135941.79,23802752.27,18031267.0
1822,17033498.13,23935322.94,20594690.99
1823,22188645.97,23590139.2,18399400.26
1824,13745303.88,22479371.0,20096752.08
1825,22543579.67,23940433.22,19072333.95
1826,22334770.88,23419481.33,17605065.16
1827,24271176.88,24114586.97,19139282.49
1828,17227066.53,23611200.23,19784889.73
1829,19102278.92,23245379.3,19429001.91
1830,25059477.67,24129172.85,19537714.57
1831,16018247.66,22908674.48,19248195.99
1832,24990981.42,23746345.64,19001087.58
1833,20853468.5,23178483.63,18598763.06
1834,15834906.47,23309692.46,20421908.59
1835,19799947.07,23442663.69,18592480.46
1836,15063105.01,23037233.97,18968370.74
1837,21801495.01,23405318.15,17510306.94
1838,20372298.23,23502869.93,18448058.25
1839,13865929.52,23301752.63,21116497.49
1840,17994840.89,23035438.86,17964601.69
1841,19306852.22,23478553.71,19435769.03
1842,18325147.4,23717827.67,20089103.69
1843,17035965.36,23096947.27,18756905.52
1844,19049626.64,22437761.58,17171632.48
1845,22947625.6,23534317.05,17407101.57
1846,19652881.3,22212992.83,17136471.72
1847,19633914.45,22918204.94,16896508.98
1848,21991145.94,23034804.78,18162978.92
1849,21437602.04,23360799.85,18669183.38
1850,20692408.6,23184088.12,18389520.87
1851,18375021.55,22385581.91,17356453.63
1852,19208859.35,22842048.33,17754741.0
1853,21800916.62,23471811.61,18514697.1
1854,17287088.81,24043625.7,21182892.47
1855,19608837.91,23603302.29,19666252.87
1856,21059279.58,23629219.82,17879705.56
1857,21186198.74,22209679.1,16826066.26
1858,15053481.2,23266194.89,19260336.01
1859,22147890.22,22970502.81,17901131.98
1860,23360842.37,23361086.64,16479159.5
1861,20931253.37,24017806.76,18021415.69
1862,22345394.99,23277233.45,16670043.22
1863,20418508.58,23123098.35,18679832.26
1864,15089466.8,23149677.94,20059118.33
1865,20412083.21,23736956.01,18233484.19
1866,19483304.27,24097114.99,19796857.16
1867,25797061.03,23428519.05,17312405.85
1868,16581737.17,23960393.91,20082192.45
1869,15117723.81,23108527.77,18986665.27
1870,20936715.93,24190232.54,18421510.0
1871,19455085.32,23885425.63,19833933.85
1872,20042104.4,24362075.87,18313919.61
1873,17029963.46,23466055.11,19961898.27
1874,18122507.43,23274249.44,19890233.63
1875,19070612.51,23795183.2,17962151.31
1876,19921077.81,24063196.15,19467689.55
1877,19438183.81,23616768.8,18109964.67
1878,16868771.24,23226349.49,19334935.84
1879,16926324.81,23637668.03,20277151.86
1880,24004721.51,24481572.28,19416509.75
1881,15127854.99,23959502.11,20896546.34
1882,21480589.33,23100245.24,17429873.69
1883,16895640.01,23479556.98,20147293.73
1884,18136628.06,23405495.48,18266233.58
1885,18853939.56,23709166.68,19825619.04
1886,19916452.31,23149823.98,18458138.35
1887,22818075.04,23568346.61,18280894.55
1888,13518686.05,23021995.16,19655180.8
1889,26360067.21,23748359.89,16885922.87
1890,16065802.52,23888993.23,20262825.62
1891,15582439.19,23628834.9,19783019.68
1892,19831879.15,24168256.57,19972764.32
1893,18494380.6,23216518.38,19692702.54
1894,14703824.02,22997335.08,19797024.85
1895,20253860.48,23261853.69,18293816.53
1896,24857708.63,23686066.01,18412426.4
1897,22016690.14,22484841.27,16703307.84
1898,16380893.71,24359935.96,20623216.12
1899,22071873.79,23157603.54,15875995.2
1900,16490682.47,23219533.05,18752565.59
1901,19987493.42,23859034.17,18480906.48
1902,20819735.94,23346539.85,19303970.97
1903,22457966.56,23920335.8,18132195.24
1904,22439484.5,23827583.78,18389801.78
1905,23129890.72,22658206.02,17593790.64
1906,19414714.87,22935544.62,19384024.57
1907,19025650.01,23225047.64,18776443.96
1908,16258632.01,23322994.1,19831719.56
1909,20471075.63,24294784.16,20164160.57
1910,19047458.19,23263818.32,18801092.25
1911,24305065.93,24049110.62,18479823.47
1912,14113835.0,23337438.26,19711314.01
1913,17163567.15,22747689.61,18670721.07
1914,21821939.83,23108963.27,17178415.55
1915,22059917.25,23158501.54,19042704.33
1916,19945642.9,23980983.32,19118040.9
1917,19123510.69,23330735.08,19395017.06
1918,15396476.19,23120068.65,19228440.8
1919,19020413.53,22025930.3,18402362.15
1920,17584831.8,23983454.78,19950045.85
1921,20351332.59,23987443.12,19679895.61
1922,19076329.89,23307516.68,18745865.01
1923,16656904.47,23603799.3,19036326.95
1924,16863161.56,23122648.17,19602404.18
1925,24229901.09,23581455.24,19181995.34
1926,20731993.61,23614416.07,19798893.44
1927,23749392.73,23934121.64,17364326.29
1928,24082526.92,23516398.87,16990630.13
1929,21218189.54,23383277.35,18232072.71
1930,16290109.46,23987353.58,19427114.53
1931,22803853.62,23566620.91,16906339.03
1932,24252932.64,23559999.03,17961400.48
1933,19070989.82,23697555.38,19166944.54
1934,22830471.12,22532490.82,14728726.83
1935,12036130.13,22880594.03,20974957.64
1936,20800568.39,24156821.74,19724326.07
1937,15868179.92,22709819.13,19200612.98
1938,24954653.2,23314852.2,17414767.65
1939,17235954.42,24186311.45,20686187.66
1940,18445423.43,23518270.19,19088505.37
1941,20861606.96,23301918.86,18655784.75
1942,20465477.65,23324461.95,18399826.46
1943,19859823.27,22696956.91,18775597.9
1944,22626874.42,23133421.1,17980831.29
1945,23853680.52,23021632.44,16736329.64
1946,18607252.98,23239610.95,17949766.62
1947,24194598.91,24198045.76,19014581.3
1948,21070625.17,22864206.19,18106480.51
1949,18550362.34,24290973.95,18462607.0
1950,21809173.13,23731984.3,19965100.77
1951,22148829.73,23476466.52,17688393.37
1952,23694307.05,23194743.97,16640377.66
1953,20072181.86,23835003.7,18626650.42
1954,20377478.28,23671371.29,18632666.22
1955,19627260.65,23079695.07,18571459.03
1956,18313856.59,23815265.92,19209828.43
1957,15115691.15,23577854.73,20755767.71
1958,16614612.35,23867160.02,19144207.12
1959,22735954.3,22882635.99,16011076.46
1960,17326417.38,23410190.1,18182686.01
1961,22434982.94,24285190.12,18705578.6
1962,22497631.64,23399322.3,17122945.0
1963,24148267.86,24016703.45,16791830.52
1964,17191515.92,23407350.07,19440209.11
1965,15281180.32,23404830.61,19467989.8
1966,19476404.01,23431719.29,19943855.6
1967,20011953.19,22735827.34,17149145.4
1968,18982962.75,23954254.45,19178103.96
1969,21205283.24,24286649.2,18748866.52
1970,24084578.62,23323343.15,17094335.11
1971,19562701.19,23406007.98,18617712.45
1972,14687531.59,22664730.1,18597948.02
1973,22024412.65,23516834.39,19520125.93
1974,20031704.92,24027646.31,18289345.04
1975,21177843.58,24367323.14,19315802.67
1976,16577568.56,23653537.71,20016571.46
1977,19549188.8,23887575.9,18956601.01
1978,17745691.58,22840374.94,18781964.99
1979,19114310.79,23951280.23,20218542.46
1980,18434870.43,23209597.61,18712605.92
1981,20358134.46,22829869.05,17624213.29
1982,18532456.45,23914282.42,19439654.46
1983,20579258.33,23562566.13,18312130.91
1984,19039770.89,24382026.5,18788503.25
1985,19880345.19,23655798.7,18466320.19
1986,18773427.91,23601871.73,19200045.98
1987,18944263.38,23544164.95,19010358.87
1988,25178244.31,24026763.94,16391135.12
1989,20916926.93,23325081.31,17849739.28
1990,22893808.12,23451836.59,18390405.88
1991,26296332.84,23162864.08,16540187.1
1992,22959943.11,23255302.66,17668497.39
1993,13948634.0,23721516.49,20949448.65
1994,20328584.67,23134349.73,18234265.91
1995,24053547.78,24833257.35,19601536.76
1996,20865031.25,23684245.37,19827412.89
1997,21474681.05,23862107.78,19880307.97
1998,19776831.72,23819604.7,19300379.53
1999,27090586.05,24196897.28,19430694.49
2000,25714637.24,23852213.91,17212741.8
